observation_date,A229RC0A052NBEA
1929-01-01,686
1930-01-01,609
1931-01-01,521
1932-01-01,397
1933-01-01,369
1934-01-01,421
1935-01-01,469
1936-01-01,530
1937-01-01,564
1938-01-01,517
1939-01-01,551
1940-01-01,588
1941-01-01,716
1942-01-01,903
1943-01-01,1020
1944-01-01,1099
1945-01-01,1117
1946-01-01,1169
1947-01-01,1212
1948-01-01,1325
1949-01-01,1303
1950-01-01,1416
1951-01-01,1537
1952-01-01,1596
1953-01-01,1667
1954-01-01,1675
1955-01-01,1763
1956-01-01,1851
1957-01-01,1921
1958-01-01,1955
1959-01-01,2036
1960-01-01,2080
1961-01-01,2141
1962-01-01,2236
1963-01-01,2315
1964-01-01,2481
1965-01-01,2640
1966-01-01,2818
1967-01-01,2982
1968-01-01,3208
1969-01-01,3432
1970-01-01,3715
1971-01-01,4002
1972-01-01,4291
1973-01-01,4758
1974-01-01,5146
1975-01-01,5657
1976-01-01,6098
1977-01-01,6634
1978-01-01,7340
1979-01-01,8058
1980-01-01,8892
1981-01-01,9815
1982-01-01,10485
1983-01-01,11218
1984-01-01,12313
1985-01-01,13019
1986-01-01,13684
1987-01-01,14236
1988-01-01,15401
1989-01-01,16384
1990-01-01,17262
1991-01-01,17753
1992-01-01,18701
1993-01-01,19226
1994-01-01,19919
1995-01-01,20762
1996-01-01,21612
1997-01-01,22502
1998-01-01,23740
1999-01-01,24583
2000-01-01,26151
2001-01-01,27186
2002-01-01,28122
2003-01-01,29172
2004-01-01,30577
2005-01-01,31533
2006-01-01,33281
2007-01-01,34603
2008-01-01,35851
2009-01-01,35520
2010-01-01,36532
2011-01-01,37964
2012-01-01,39426
2013-01-01,39077
2014-01-01,40671
2015-01-01,42013
2016-01-01,42910
2017-01-01,44710
2018-01-01,47002
2019-01-01,48907
2020-01-01,52385
2021-01-01,56559
2022-01-01,56573
2023-01-01,61730
2024-01-01,64821
2025-01-01,67221
