observation_date,A229RC0
1959-01-01,1999
1959-02-01,2005
1959-03-01,2015
1959-04-01,2029
1959-05-01,2039
1959-06-01,2049
1959-07-01,2047
1959-08-01,2035
1959-09-01,2038
1959-10-01,2041
1959-11-01,2054
1959-12-01,2074
1960-01-01,2073
1960-02-01,2070
1960-03-01,2070
1960-04-01,2081
1960-05-01,2084
1960-06-01,2083
1960-07-01,2087
1960-08-01,2082
1960-09-01,2083
1960-10-01,2091
1960-11-01,2087
1960-12-01,2075
1961-01-01,2094
1961-02-01,2102
1961-03-01,2107
1961-04-01,2107
1961-05-01,2123
1961-06-01,2143
1961-07-01,2152
1961-08-01,2150
1961-09-01,2151
1961-10-01,2171
1961-11-01,2188
1961-12-01,2199
1962-01-01,2195
1962-02-01,2209
1962-03-01,2224
1962-04-01,2234
1962-05-01,2234
1962-06-01,2233
1962-07-01,2238
1962-08-01,2240
1962-09-01,2249
1962-10-01,2255
1962-11-01,2260
1962-12-01,2267
1963-01-01,2286
1963-02-01,2273
1963-03-01,2278
1963-04-01,2285
1963-05-01,2295
1963-06-01,2309
1963-07-01,2313
1963-08-01,2322
1963-09-01,2336
1963-10-01,2351
1963-11-01,2356
1963-12-01,2376
1964-01-01,2387
1964-02-01,2395
1964-03-01,2451
1964-04-01,2464
1964-05-01,2474
1964-06-01,2483
1964-07-01,2495
1964-08-01,2505
1964-09-01,2515
1964-10-01,2513
1964-11-01,2530
1964-12-01,2555
1965-01-01,2561
1965-02-01,2560
1965-03-01,2570
1965-04-01,2575
1965-05-01,2607
1965-06-01,2615
1965-07-01,2641
1965-08-01,2652
1965-09-01,2719
1965-10-01,2704
1965-11-01,2725
1965-12-01,2744
1966-01-01,2746
1966-02-01,2767
1966-03-01,2783
1966-04-01,2779
1966-05-01,2785
1966-06-01,2800
1966-07-01,2813
1966-08-01,2835
1966-09-01,2858
1966-10-01,2871
1966-11-01,2886
1966-12-01,2887
1967-01-01,2915
1967-02-01,2922
1967-03-01,2943
1967-04-01,2944
1967-05-01,2953
1967-06-01,2971
1967-07-01,2990
1967-08-01,3007
1967-09-01,3013
1967-10-01,3023
1967-11-01,3049
1967-12-01,3057
1968-01-01,3085
1968-02-01,3118
1968-03-01,3156
1968-04-01,3174
1968-05-01,3196
1968-06-01,3218
1968-07-01,3219
1968-08-01,3233
1968-09-01,3241
1968-10-01,3264
1968-11-01,3285
1968-12-01,3300
1969-01-01,3305
1969-02-01,3312
1969-03-01,3332
1969-04-01,3339
1969-05-01,3388
1969-06-01,3425
1969-07-01,3461
1969-08-01,3488
1969-09-01,3507
1969-10-01,3524
1969-11-01,3542
1969-12-01,3561
1970-01-01,3590
1970-02-01,3613
1970-03-01,3633
1970-04-01,3686
1970-05-01,3679
1970-06-01,3692
1970-07-01,3754
1970-08-01,3771
1970-09-01,3779
1970-10-01,3781
1970-11-01,3786
1970-12-01,3816
1971-01-01,3879
1971-02-01,3892
1971-03-01,3914
1971-04-01,3933
1971-05-01,3962
1971-06-01,4060
1971-07-01,4010
1971-08-01,4031
1971-09-01,4057
1971-10-01,4072
1971-11-01,4086
1971-12-01,4119
1972-01-01,4112
1972-02-01,4150
1972-03-01,4170
1972-04-01,4172
1972-05-01,4208
1972-06-01,4225
1972-07-01,4267
1972-08-01,4315
1972-09-01,4347
1972-10-01,4457
1972-11-01,4517
1972-12-01,4548
1973-01-01,4535
1973-02-01,4590
1973-03-01,4636
1973-04-01,4673
1973-05-01,4701
1973-06-01,4738
1973-07-01,4763
1973-08-01,4798
1973-09-01,4837
1973-10-01,4904
1973-11-01,4948
1973-12-01,4967
1974-01-01,4975
1974-02-01,4991
1974-03-01,5010
1974-04-01,5038
1974-05-01,5079
1974-06-01,5107
1974-07-01,5160
1974-08-01,5202
1974-09-01,5246
1974-10-01,5296
1974-11-01,5303
1974-12-01,5342
1975-01-01,5368
1975-02-01,5397
1975-03-01,5416
1975-04-01,5530
1975-05-01,5867
1975-06-01,5699
1975-07-01,5654
1975-08-01,5710
1975-09-01,5747
1975-10-01,5800
1975-11-01,5828
1975-12-01,5862
1976-01-01,5918
1976-02-01,5959
1976-03-01,5982
1976-04-01,5999
1976-05-01,6023
1976-06-01,6050
1976-07-01,6111
1976-08-01,6151
1976-09-01,6181
1976-10-01,6197
1976-11-01,6276
1976-12-01,6330
1977-01-01,6349
1977-02-01,6338
1977-03-01,6454
1977-04-01,6496
1977-05-01,6525
1977-06-01,6583
1977-07-01,6654
1977-08-01,6705
1977-09-01,6760
1977-10-01,6834
1977-11-01,6922
1977-12-01,6979
1978-01-01,6984
1978-02-01,7053
1978-03-01,7152
1978-04-01,7225
1978-05-01,7266
1978-06-01,7307
1978-07-01,7377
1978-08-01,7438
1978-09-01,7474
1978-10-01,7547
1978-11-01,7590
1978-12-01,7657
1979-01-01,7745
1979-02-01,7811
1979-03-01,7887
1979-04-01,7897
1979-05-01,7935
1979-06-01,7972
1979-07-01,8083
1979-08-01,8148
1979-09-01,8204
1979-10-01,8258
1979-11-01,8331
1979-12-01,8411
1980-01-01,8551
1980-02-01,8591
1980-03-01,8635
1980-04-01,8663
1980-05-01,8689
1980-06-01,8753
1980-07-01,8889
1980-08-01,8963
1980-09-01,9074
1980-10-01,9210
1980-11-01,9290
1980-12-01,9386
1981-01-01,9433
1981-02-01,9492
1981-03-01,9577
1981-04-01,9583
1981-05-01,9636
1981-06-01,9719
1981-07-01,9923
1981-08-01,10004
1981-09-01,10036
1981-10-01,10084
1981-11-01,10135
1981-12-01,10145
1982-01-01,10211
1982-02-01,10263
1982-03-01,10281
1982-04-01,10381
1982-05-01,10391
1982-06-01,10402
1982-07-01,10550
1982-08-01,10590
1982-09-01,10607
1982-10-01,10646
1982-11-01,10713
1982-12-01,10774
1983-01-01,10855
1983-02-01,10871
1983-03-01,10930
1983-04-01,10997
1983-05-01,11042
1983-06-01,11083
1983-07-01,11276
1983-08-01,11293
1983-09-01,11404
1983-10-01,11515
1983-11-01,11621
1983-12-01,11723
1984-01-01,11818
1984-02-01,11959
1984-03-01,12067
1984-04-01,12187
1984-05-01,12211
1984-06-01,12304
1984-07-01,12353
1984-08-01,12465
1984-09-01,12559
1984-10-01,12532
1984-11-01,12595
1984-12-01,12700
1985-01-01,12752
1985-02-01,12687
1985-03-01,12671
1985-04-01,12893
1985-05-01,13231
1985-06-01,12979
1985-07-01,13028
1985-08-01,13052
1985-09-01,13119
1985-10-01,13197
1985-11-01,13247
1985-12-01,13364
1986-01-01,13443
1986-02-01,13506
1986-03-01,13605
1986-04-01,13618
1986-05-01,13644
1986-06-01,13671
1986-07-01,13731
1986-08-01,13753
1986-09-01,13793
1986-10-01,13792
1986-11-01,13808
1986-12-01,13833
1987-01-01,13933
1987-02-01,14039
1987-03-01,14079
1987-04-01,13585
1987-05-01,14161
1987-06-01,14183
1987-07-01,14243
1987-08-01,14349
1987-09-01,14388
1987-10-01,14518
1987-11-01,14597
1987-12-01,14753
1988-01-01,14842
1988-02-01,14950
1988-03-01,15060
1988-04-01,15181
1988-05-01,15239
1988-06-01,15351
1988-07-01,15479
1988-08-01,15556
1988-09-01,15649
1988-10-01,15772
1988-11-01,15801
1988-12-01,15915
1989-01-01,16051
1989-02-01,16139
1989-03-01,16267
1989-04-01,16277
1989-05-01,16247
1989-06-01,16314
1989-07-01,16395
1989-08-01,16425
1989-09-01,16495
1989-10-01,16626
1989-11-01,16666
1989-12-01,16703
1990-01-01,16919
1990-02-01,17019
1990-03-01,17074
1990-04-01,17202
1990-05-01,17204
1990-06-01,17288
1990-07-01,17374
1990-08-01,17360
1990-09-01,17440
1990-10-01,17379
1990-11-01,17389
1990-12-01,17489
1991-01-01,17492
1991-02-01,17511
1991-03-01,17527
1991-04-01,17610
1991-05-01,17666
1991-06-01,17767
1991-07-01,17738
1991-08-01,17797
1991-09-01,17883
1991-10-01,17921
1991-11-01,17967
1991-12-01,18154
1992-01-01,18336
1992-02-01,18444
1992-03-01,18485
1992-04-01,18567
1992-05-01,18656
1992-06-01,18745
1992-07-01,18769
1992-08-01,18836
1992-09-01,18756
1992-10-01,18679
1992-11-01,18724
1992-12-01,19406
1993-01-01,19010
1993-02-01,19112
1993-03-01,19074
1993-04-01,19204
1993-05-01,19216
1993-06-01,19165
1993-07-01,19222
1993-08-01,19259
1993-09-01,19205
1993-10-01,19151
1993-11-01,19222
1993-12-01,19863
1994-01-01,19479
1994-02-01,19545
1994-03-01,19643
1994-04-01,19647
1994-05-01,19882
1994-06-01,19879
1994-07-01,19937
1994-08-01,19984
1994-09-01,20072
1994-10-01,20276
1994-11-01,20294
1994-12-01,20381
1995-01-01,20469
1995-02-01,20529
1995-03-01,20604
1995-04-01,20486
1995-05-01,20705
1995-06-01,20765
1995-07-01,20814
1995-08-01,20849
1995-09-01,20907
1995-10-01,20962
1995-11-01,20999
1995-12-01,21049
1996-01-01,21107
1996-02-01,21285
1996-03-01,21398
1996-04-01,21312
1996-05-01,21597
1996-06-01,21703
1996-07-01,21666
1996-08-01,21715
1996-09-01,21802
1996-10-01,21840
1996-11-01,21915
1996-12-01,21993
1997-01-01,22063
1997-02-01,22150
1997-03-01,22256
1997-04-01,22270
1997-05-01,22335
1997-06-01,22412
1997-07-01,22486
1997-08-01,22595
1997-09-01,22683
1997-10-01,22801
1997-11-01,22928
1997-12-01,23036
1998-01-01,23231
1998-02-01,23351
1998-03-01,23471
1998-04-01,23554
1998-05-01,23662
1998-06-01,23752
1998-07-01,23826
1998-08-01,23908
1998-09-01,23936
1998-10-01,23995
1998-11-01,24069
1998-12-01,24115
1999-01-01,24263
1999-02-01,24313
1999-03-01,24332
1999-04-01,24347
1999-05-01,24380
1999-06-01,24445
1999-07-01,24529
1999-08-01,24650
1999-09-01,24680
1999-10-01,24831
1999-11-01,24992
1999-12-01,25221
2000-01-01,25435
2000-02-01,25594
2000-03-01,25751
2000-04-01,25838
2000-05-01,25945
2000-06-01,26083
2000-07-01,26265
2000-08-01,26402
2000-09-01,26522
2000-10-01,26611
2000-11-01,26637
2000-12-01,26712
2001-01-01,26946
2001-02-01,27000
2001-03-01,27064
2001-04-01,27034
2001-05-01,27034
2001-06-01,27068
2001-07-01,27439
2001-08-01,27866
2001-09-01,27509
2001-10-01,27094
2001-11-01,27086
2001-12-01,27087
2002-01-01,27660
2002-02-01,27732
2002-03-01,27808
2002-04-01,27996
2002-05-01,28104
2002-06-01,28200
2002-07-01,28166
2002-08-01,28202
2002-09-01,28256
2002-10-01,28359
2002-11-01,28444
2002-12-01,28528
2003-01-01,28568
2003-02-01,28572
2003-03-01,28686
2003-04-01,28766
2003-05-01,28923
2003-06-01,29007
2003-07-01,29417
2003-08-01,29694
2003-09-01,29423
2003-10-01,29514
2003-11-01,29707
2003-12-01,29777
2004-01-01,29857
2004-02-01,29955
2004-03-01,30102
2004-04-01,30237
2004-05-01,30464
2004-06-01,30545
2004-07-01,30615
2004-08-01,30698
2004-09-01,30745
2004-10-01,30859
2004-11-01,30853
2004-12-01,31979
2005-01-01,30811
2005-02-01,30884
2005-03-01,31066
2005-04-01,31229
2005-05-01,31357
2005-06-01,31414
2005-07-01,31553
2005-08-01,31703
2005-09-01,31868
2005-10-01,32069
2005-11-01,32178
2005-12-01,32252
2006-01-01,32712
2006-02-01,32852
2006-03-01,33018
2006-04-01,33138
2006-05-01,33180
2006-06-01,33276
2006-07-01,33347
2006-08-01,33394
2006-09-01,33455
2006-10-01,33499
2006-11-01,33619
2006-12-01,33874
2007-01-01,33956
2007-02-01,34150
2007-03-01,34362
2007-04-01,34468
2007-05-01,34562
2007-06-01,34587
2007-07-01,34648
2007-08-01,34653
2007-09-01,34809
2007-10-01,34859
2007-11-01,34986
2007-12-01,35187
2008-01-01,35299
2008-02-01,35358
2008-03-01,35447
2008-04-01,35355
2008-05-01,37226
2008-06-01,36523
2008-07-01,36107
2008-08-01,35846
2008-09-01,35929
2008-10-01,35932
2008-11-01,35788
2008-12-01,35400
2009-01-01,35589
2009-02-01,35285
2009-03-01,35225
2009-04-01,35474
2009-05-01,36004
2009-06-01,35535
2009-07-01,35354
2009-08-01,35358
2009-09-01,35490
2009-10-01,35487
2009-11-01,35642
2009-12-01,35801
2010-01-01,35871
2010-02-01,35865
2010-03-01,36035
2010-04-01,36344
2010-05-01,36604
2010-06-01,36576
2010-07-01,36610
2010-08-01,36741
2010-09-01,36745
2010-10-01,36843
2010-11-01,36928
2010-12-01,37210
2011-01-01,37475
2011-02-01,37666
2011-03-01,37696
2011-04-01,37769
2011-05-01,37813
2011-06-01,37933
2011-07-01,38115
2011-08-01,38159
2011-09-01,38130
2011-10-01,38135
2011-11-01,38161
2011-12-01,38505
2012-01-01,38821
2012-02-01,39072
2012-03-01,39235
2012-04-01,39414
2012-05-01,39333
2012-06-01,39242
2012-07-01,38937
2012-08-01,38924
2012-09-01,39288
2012-10-01,39646
2012-11-01,40116
2012-12-01,41070
2013-01-01,38724
2013-02-01,38748
2013-03-01,38792
2013-04-01,38855
2013-05-01,39043
2013-06-01,39108
2013-07-01,39088
2013-08-01,39200
2013-09-01,39363
2013-10-01,39226
2013-11-01,39332
2013-12-01,39437
2014-01-01,39679
2014-02-01,39883
2014-03-01,40143
2014-04-01,40342
2014-05-01,40513
2014-06-01,40675
2014-07-01,40783
2014-08-01,40926
2014-09-01,41032
2014-10-01,41185
2014-11-01,41342
2014-12-01,41531
2015-01-01,41545
2015-02-01,41748
2015-03-01,41693
2015-04-01,41797
2015-05-01,41943
2015-06-01,42022
2015-07-01,42126
2015-08-01,42189
2015-09-01,42209
2015-10-01,42253
2015-11-01,42241
2015-12-01,42380
2016-01-01,42556
2016-02-01,42553
2016-03-01,42628
2016-04-01,42654
2016-05-01,42666
2016-06-01,42740
2016-07-01,42885
2016-08-01,42965
2016-09-01,43115
2016-10-01,43255
2016-11-01,43359
2016-12-01,43532
2017-01-01,43861
2017-02-01,44031
2017-03-01,44170
2017-04-01,44332
2017-05-01,44599
2017-06-01,44634
2017-07-01,44750
2017-08-01,44879
2017-09-01,45103
2017-10-01,45267
2017-11-01,45378
2017-12-01,45505
2018-01-01,45933
2018-02-01,46122
2018-03-01,46318
2018-04-01,46509
2018-05-01,46724
2018-06-01,46931
2018-07-01,47159
2018-08-01,47334
2018-09-01,47402
2018-10-01,47575
2018-11-01,47698
2018-12-01,48307
2019-01-01,48359
2019-02-01,48509
2019-03-01,48620
2019-04-01,48638
2019-05-01,48648
2019-06-01,48741
2019-07-01,48842
2019-08-01,49099
2019-09-01,49207
2019-10-01,49334
2019-11-01,49516
2019-12-01,49369
2020-01-01,49941
2020-02-01,50148
2020-03-01,49358
2020-04-01,56377
2020-05-01,53596
2020-06-01,53570
2020-07-01,54200
2020-08-01,52253
2020-09-01,52623
2020-10-01,52467
2020-11-01,51905
2020-12-01,52174
2021-01-01,58138
2021-02-01,53502
2021-03-01,66074
2021-04-01,56345
2021-05-01,55011
2021-06-01,55049
2021-07-01,55696
2021-08-01,55829
2021-09-01,55393
2021-10-01,55760
2021-11-01,55943
2021-12-01,55979
2022-01-01,54869
2022-02-01,55163
2022-03-01,55354
2022-04-01,55475
2022-05-01,55711
2022-06-01,56070
2022-07-01,56740
2022-08-01,57197
2022-09-01,57560
2022-10-01,57979
2022-11-01,58206
2022-12-01,58522
2023-01-01,59904
2023-02-01,60359
2023-03-01,60787
2023-04-01,61114
2023-05-01,61434
2023-06-01,61678
2023-07-01,61884
2023-08-01,62175
2023-09-01,62433
2023-10-01,62698
2023-11-01,63008
2023-12-01,63256
2024-01-01,63769
2024-02-01,63940
2024-03-01,64208
2024-04-01,64434
2024-05-01,64690
2024-06-01,64887
2024-07-01,64921
2024-08-01,64996
2024-09-01,65133
2024-10-01,65420
2024-11-01,65636
2024-12-01,65809
2025-01-01,65986
2025-02-01,66154
2025-03-01,66610
2025-04-01,67171
2025-05-01,66835
2025-06-01,67036
2025-07-01,67310
2025-08-01,67571
2025-09-01,67819
2025-10-01,67811
2025-11-01,68056
2025-12-01,68289
2026-01-01,68916
2026-02-01,69005
2026-03-01,69492
2026-04-01,69519
2026-05-01,70041
2026-06-01,70205
2026-07-01,70440
2026-08-01,70620
