observation_date,IPN213111N
1972-01-01,102.6915
1972-02-01,100.7132
1972-03-01,99.3684
1972-04-01,98.7247
1972-05-01,98.6951
1972-06-01,100.2913
1972-07-01,101.6485
1972-08-01,102.4713
1972-09-01,103.0182
1972-10-01,103.7111
1972-11-01,104.2804
1972-12-01,105.8195
1973-01-01,106.9121
1973-02-01,97.2627
1973-03-01,95.4982
1973-04-01,86.0454
1973-05-01,82.9230
1973-06-01,87.8556
1973-07-01,92.6293
1973-08-01,95.3245
1973-09-01,97.3277
1973-10-01,100.2543
1973-11-01,102.9505
1973-12-01,104.3376
1974-01-01,104.5817
1974-02-01,105.6708
1974-03-01,108.8470
1974-04-01,113.5691
1974-05-01,109.4668
1974-06-01,107.3553
1974-07-01,110.8786
1974-08-01,111.2796
1974-09-01,109.9521
1974-10-01,112.3884
1974-11-01,118.6837
1974-12-01,122.7684
1975-01-01,115.4335
1975-02-01,114.7633
1975-03-01,122.2889
1975-04-01,120.8406
1975-05-01,120.6200
1975-06-01,124.0309
1975-07-01,126.2331
1975-08-01,129.5924
1975-09-01,131.6657
1975-10-01,131.5320
1975-11-01,133.5821
1975-12-01,136.3933
1976-01-01,138.6699
1976-02-01,137.4258
1976-03-01,140.1406
1976-04-01,132.8861
1976-05-01,131.3258
1976-06-01,132.0622
1976-07-01,142.3450
1976-08-01,142.3652
1976-09-01,142.4171
1976-10-01,145.2364
1976-11-01,153.1278
1976-12-01,159.2185
1977-01-01,159.7523
1977-02-01,174.1683
1977-03-01,173.0059
1977-04-01,173.1026
1977-05-01,180.2992
1977-06-01,180.9746
1977-07-01,183.6941
1977-08-01,189.0771
1977-09-01,189.6228
1977-10-01,183.7155
1977-11-01,183.3186
1977-12-01,184.0662
1978-01-01,186.5928
1978-02-01,193.2766
1978-03-01,193.3144
1978-04-01,196.2592
1978-05-01,198.2011
1978-06-01,199.9942
1978-07-01,201.2848
1978-08-01,211.0663
1978-09-01,208.4098
1978-10-01,206.1353
1978-11-01,203.9187
1978-12-01,202.4001
1979-01-01,213.4618
1979-02-01,208.8078
1979-03-01,203.9229
1979-04-01,206.1885
1979-05-01,200.3293
1979-06-01,206.6364
1979-07-01,209.5244
1979-08-01,215.2834
1979-09-01,222.4586
1979-10-01,222.4184
1979-11-01,220.4698
1979-12-01,230.5150
1980-01-01,234.0752
1980-02-01,232.5838
1980-03-01,236.2173
1980-04-01,239.1403
1980-05-01,247.4064
1980-06-01,253.5177
1980-07-01,256.5622
1980-08-01,259.1970
1980-09-01,258.0159
1980-10-01,260.2814
1980-11-01,272.8779
1980-12-01,277.4993
1981-01-01,276.8121
1981-02-01,272.6028
1981-03-01,287.8581
1981-04-01,294.7424
1981-05-01,292.3839
1981-06-01,293.6840
1981-07-01,307.0445
1981-08-01,312.5202
1981-09-01,317.1511
1981-10-01,318.8041
1981-11-01,326.0759
1981-12-01,337.2701
1982-01-01,331.7262
1982-02-01,314.6432
1982-03-01,300.1515
1982-04-01,282.0284
1982-05-01,272.2795
1982-06-01,263.9670
1982-07-01,254.6597
1982-08-01,246.0515
1982-09-01,237.0711
1982-10-01,235.5773
1982-11-01,228.4108
1982-12-01,233.8907
1983-01-01,233.6520
1983-02-01,220.1148
1983-03-01,209.7578
1983-04-01,207.7714
1983-05-01,207.1849
1983-06-01,203.7443
1983-07-01,188.7470
1983-08-01,194.2336
1983-09-01,192.7613
1983-10-01,198.0823
1983-11-01,190.7691
1983-12-01,233.0713
1984-01-01,233.7943
1984-02-01,216.5051
1984-03-01,207.8353
1984-04-01,208.7847
1984-05-01,212.6738
1984-06-01,217.3578
1984-07-01,218.8563
1984-08-01,226.7474
1984-09-01,225.5742
1984-10-01,234.3088
1984-11-01,244.8682
1984-12-01,253.3197
1985-01-01,245.0204
1985-02-01,231.2185
1985-03-01,217.5285
1985-04-01,206.0824
1985-05-01,198.6536
1985-06-01,201.1730
1985-07-01,195.8435
1985-08-01,198.6707
1985-09-01,198.6060
1985-10-01,195.6242
1985-11-01,191.2995
1985-12-01,194.1238
1986-01-01,178.3488
1986-02-01,159.0126
1986-03-01,128.0263
1986-04-01,107.1004
1986-05-01,90.2226
1986-06-01,73.1823
1986-07-01,67.1116
1986-08-01,68.3379
1986-09-01,75.7089
1986-10-01,81.8229
1986-11-01,83.8273
1986-12-01,92.4578
1987-01-01,89.3354
1987-02-01,77.9256
1987-03-01,77.2434
1987-04-01,74.7911
1987-05-01,77.0604
1987-06-01,84.6271
1987-07-01,96.5630
1987-08-01,108.1035
1987-09-01,114.4737
1987-10-01,116.6366
1987-11-01,119.0015
1987-12-01,126.2764
1988-01-01,122.3632
1988-02-01,117.3522
1988-03-01,113.6534
1988-04-01,110.9927
1988-05-01,114.8157
1988-06-01,115.6745
1988-07-01,117.3488
1988-08-01,115.9802
1988-09-01,114.8695
1988-10-01,114.7424
1988-11-01,119.4693
1988-12-01,118.1524
1989-01-01,103.1571
1989-02-01,90.4448
1989-03-01,88.8185
1989-04-01,88.1893
1989-05-01,88.1832
1989-06-01,97.3345
1989-07-01,106.3693
1989-08-01,108.1890
1989-09-01,105.4094
1989-10-01,105.6812
1989-11-01,116.8488
1989-12-01,116.1179
1990-01-01,111.1145
1990-02-01,103.1462
1990-03-01,105.7263
1990-04-01,108.3869
1990-05-01,112.5536
1990-06-01,111.0142
1990-07-01,107.2749
1990-08-01,106.3370
1990-09-01,106.2277
1990-10-01,102.5196
1990-11-01,108.1603
1990-12-01,103.2399
1991-01-01,95.3996
1991-02-01,88.5173
1991-03-01,84.6202
1991-04-01,91.7249
1991-05-01,92.5188
1991-06-01,91.0085
1991-07-01,81.4464
1991-08-01,72.8327
1991-09-01,75.2477
1991-10-01,73.8472
1991-11-01,79.1712
1991-12-01,74.8121
1992-01-01,66.6332
1992-02-01,61.5415
1992-03-01,64.0600
1992-04-01,65.1182
1992-05-01,59.6253
1992-06-01,57.3052
1992-07-01,63.0464
1992-08-01,65.9085
1992-09-01,62.4425
1992-10-01,69.8755
1992-11-01,79.7790
1992-12-01,79.8258
1993-01-01,85.3778
1993-02-01,78.4568
1993-03-01,70.4098
1993-04-01,73.7256
1993-05-01,75.8596
1993-06-01,84.3858
1993-07-01,85.8105
1993-08-01,87.4277
1993-09-01,88.9693
1993-10-01,90.2200
1993-11-01,92.6692
1993-12-01,93.8833
1994-01-01,87.6146
1994-02-01,82.8130
1994-03-01,83.5190
1994-04-01,86.0871
1994-05-01,84.9763
1994-06-01,90.4153
1994-07-01,85.8486
1994-08-01,78.1734
1994-09-01,80.0935
1994-10-01,81.4689
1994-11-01,85.8574
1994-12-01,86.2034
1995-01-01,84.1529
1995-02-01,79.5471
1995-03-01,72.7846
1995-04-01,73.3206
1995-05-01,79.6403
1995-06-01,78.0664
1995-07-01,83.1360
1995-08-01,84.9295
1995-09-01,85.5363
1995-10-01,87.0799
1995-11-01,87.5649
1995-12-01,91.2331
1996-01-01,90.3984
1996-02-01,84.3854
1996-03-01,81.7577
1996-04-01,94.2713
1996-05-01,97.9291
1996-06-01,95.1189
1996-07-01,93.3125
1996-08-01,94.9637
1996-09-01,96.1973
1996-10-01,95.6844
1996-11-01,96.6537
1996-12-01,102.6912
1997-01-01,99.4078
1997-02-01,97.9726
1997-03-01,110.9433
1997-04-01,112.7606
1997-05-01,109.5977
1997-06-01,111.6049
1997-07-01,113.8980
1997-08-01,114.2694
1997-09-01,115.8055
1997-10-01,110.2060
1997-11-01,113.0005
1997-12-01,115.0139
1998-01-01,117.2269
1998-02-01,116.5654
1998-03-01,112.0662
1998-04-01,108.1873
1998-05-01,104.6264
1998-06-01,103.1258
1998-07-01,99.1064
1998-08-01,97.2291
1998-09-01,96.0962
1998-10-01,92.1300
1998-11-01,88.3241
1998-12-01,83.9778
1999-01-01,79.9186
1999-02-01,75.2784
1999-03-01,75.4980
1999-04-01,71.2221
1999-05-01,73.9239
1999-06-01,77.4204
1999-07-01,79.2585
1999-08-01,84.5239
1999-09-01,89.9112
1999-10-01,92.3881
1999-11-01,96.1973
1999-12-01,96.8094
2000-01-01,93.4563
2000-02-01,90.0087
2000-03-01,89.2045
2000-04-01,90.1184
2000-05-01,94.0739
2000-06-01,95.7474
2000-07-01,103.2800
2000-08-01,106.3907
2000-09-01,104.4943
2000-10-01,107.3152
2000-11-01,108.8258
2000-12-01,110.2665
2001-01-01,117.1393
2001-02-01,116.8730
2001-03-01,119.9791
2001-04-01,124.0502
2001-05-01,126.9272
2001-06-01,128.3433
2001-07-01,127.9656
2001-08-01,124.3707
2001-09-01,120.1297
2001-10-01,111.3786
2001-11-01,103.8217
2001-12-01,94.3727
2002-01-01,92.0924
2002-02-01,86.5650
2002-03-01,81.9303
2002-04-01,79.3643
2002-05-01,84.8148
2002-06-01,87.1215
2002-07-01,87.9099
2002-08-01,88.0557
2002-09-01,89.3021
2002-10-01,88.3390
2002-11-01,86.1456
2002-12-01,88.5070
2003-01-01,88.2043
2003-02-01,91.6739
2003-03-01,93.3167
2003-04-01,96.8014
2003-05-01,102.3041
2003-06-01,103.9168
2003-07-01,104.8666
2003-08-01,106.0335
2003-09-01,106.3498
2003-10-01,106.5249
2003-11-01,107.2648
2003-12-01,107.4162
2004-01-01,106.1519
2004-02-01,106.4788
2004-03-01,107.0481
2004-04-01,107.9418
2004-05-01,109.6912
2004-06-01,110.7564
2004-07-01,113.8692
2004-08-01,114.9314
2004-09-01,114.5512
2004-10-01,113.5791
2004-11-01,117.6160
2004-12-01,117.7469
2005-01-01,117.2442
2005-02-01,119.0365
2005-03-01,119.4665
2005-04-01,120.5061
2005-05-01,118.7342
2005-06-01,122.3678
2005-07-01,126.6174
2005-08-01,129.0740
2005-09-01,127.5192
2005-10-01,128.7765
2005-11-01,127.9554
2005-12-01,125.5600
2006-01-01,125.5998
2006-02-01,130.4868
2006-03-01,133.4713
2006-04-01,138.3526
2006-05-01,142.5739
2006-06-01,143.8323
2006-07-01,144.7996
2006-08-01,150.3604
2006-09-01,149.4108
2006-10-01,148.7971
2006-11-01,146.1604
2006-12-01,146.6848
2007-01-01,146.5650
2007-02-01,149.1960
2007-03-01,148.8436
2007-04-01,147.7090
2007-05-01,147.8236
2007-06-01,149.9836
2007-07-01,150.1835
2007-08-01,150.5166
2007-09-01,147.6332
2007-10-01,141.7979
2007-11-01,146.4099
2007-12-01,147.5340
2008-01-01,142.3366
2008-02-01,142.7682
2008-03-01,145.9175
2008-04-01,150.0693
2008-05-01,154.4203
2008-06-01,158.1619
2008-07-01,161.9017
2008-08-01,169.0384
2008-09-01,174.6462
2008-10-01,174.9820
2008-11-01,172.2970
2008-12-01,162.1295
2009-01-01,146.5717
2009-02-01,127.6379
2009-03-01,106.9805
2009-04-01,97.6517
2009-05-01,93.4223
2009-06-01,89.9490
2009-07-01,89.8160
2009-08-01,91.4262
2009-09-01,93.0948
2009-10-01,94.3901
2009-11-01,98.0584
2009-12-01,101.2109
2010-01-01,106.5446
2010-02-01,111.8773
2010-03-01,115.8218
2010-04-01,118.5090
2010-05-01,117.2941
2010-06-01,111.1868
2010-07-01,111.4612
2010-08-01,115.7296
2010-09-01,116.6082
2010-10-01,117.8859
2010-11-01,119.2287
2010-12-01,122.0870
2011-01-01,123.1918
2011-02-01,124.7462
2011-03-01,126.3739
2011-04-01,132.4792
2011-05-01,138.0229
2011-06-01,140.6367
2011-07-01,145.5968
2011-08-01,151.0547
2011-09-01,153.2457
2011-10-01,157.4735
2011-11-01,158.5239
2011-12-01,160.0895
2012-01-01,161.1270
2012-02-01,160.7051
2012-03-01,161.0879
2012-04-01,161.1845
2012-05-01,163.7090
2012-06-01,165.1514
2012-07-01,164.6794
2012-08-01,163.6752
2012-09-01,161.2547
2012-10-01,159.8517
2012-11-01,159.8418
2012-12-01,159.1575
2013-01-01,158.5781
2013-02-01,160.5362
2013-03-01,160.2844
2013-04-01,160.5348
2013-05-01,162.6737
2013-06-01,163.3883
2013-07-01,164.1777
2013-08-01,165.6175
2013-09-01,164.2594
2013-10-01,160.7847
2013-11-01,160.4135
2013-12-01,161.0043
2014-01-01,159.4732
2014-02-01,158.6460
2014-03-01,160.5454
2014-04-01,163.3636
2014-05-01,167.6517
2014-06-01,169.4437
2014-07-01,172.8943
2014-08-01,180.1445
2014-09-01,186.5942
2014-10-01,189.3848
2014-11-01,193.7751
2014-12-01,196.6752
2015-01-01,182.3466
2015-02-01,155.3209
2015-03-01,130.8777
2015-04-01,115.6301
2015-05-01,109.8787
2015-06-01,108.3976
2015-07-01,112.5994
2015-08-01,117.8385
2015-09-01,114.7312
2015-10-01,109.8607
2015-11-01,106.7074
2015-12-01,98.7974
2016-01-01,92.4157
2016-02-01,77.5406
2016-03-01,70.0886
2016-04-01,64.7774
2016-05-01,59.8039
2016-06-01,59.5127
2016-07-01,62.1904
2016-08-01,64.0952
2016-09-01,66.6803
2016-10-01,70.9800
2016-11-01,73.9543
2016-12-01,79.0374
2017-01-01,83.2070
2017-02-01,87.3801
2017-03-01,90.7337
2017-04-01,96.7751
2017-05-01,100.9189
2017-06-01,104.6332
2017-07-01,106.6579
2017-08-01,105.0392
2017-09-01,105.2547
2017-10-01,105.2962
2017-11-01,105.4847
2017-12-01,108.6194
2018-01-01,110.6612
2018-02-01,115.7929
2018-03-01,118.3661
2018-04-01,123.6016
2018-05-01,130.8611
2018-06-01,133.4271
2018-07-01,133.2543
2018-08-01,134.5534
2018-09-01,135.4667
2018-10-01,137.4966
2018-11-01,139.8123
2018-12-01,140.2515
2019-01-01,137.4672
2019-02-01,135.3826
2019-03-01,133.1743
2019-04-01,132.4398
2019-05-01,129.7356
2019-06-01,129.8320
2019-07-01,129.6727
2019-08-01,128.4348
2019-09-01,124.3305
2019-10-01,120.9985
2019-11-01,118.5328
2019-12-01,120.7589
2020-01-01,121.2397
2020-02-01,124.6625
2020-03-01,123.3326
2020-04-01,91.5033
2020-05-01,59.9698
2020-06-01,49.7142
2020-07-01,47.7071
2020-08-01,48.1476
2020-09-01,51.0968
2020-10-01,55.4289
2020-11-01,60.7168
2020-12-01,68.1227
2021-01-01,74.9339
2021-02-01,79.9490
2021-03-01,80.7785
2021-04-01,84.7118
2021-05-01,88.2214
2021-06-01,89.5040
2021-07-01,93.0822
2021-08-01,93.1876
2021-09-01,89.8748
2021-10-01,95.2785
2021-11-01,97.4427
2021-12-01,98.3335
2022-01-01,100.5087
2022-02-01,102.4133
2022-03-01,103.6344
2022-04-01,106.0003
2022-05-01,109.9608
2022-06-01,111.3609
2022-07-01,113.0357
2022-08-01,114.1913
2022-09-01,113.3895
2022-10-01,114.1165
2022-11-01,117.6126
2022-12-01,118.7779
2023-01-01,119.0413
2023-02-01,118.6724
2023-03-01,119.6099
2023-04-01,122.4492
2023-05-01,121.0688
2023-06-01,116.0238
2023-07-01,114.4160
2023-08-01,110.7954
2023-09-01,110.2576
2023-10-01,111.0642
2023-11-01,110.1426
2023-12-01,111.1415
2024-01-01,110.9739
2024-02-01,111.8526
2024-03-01,113.3098
2024-04-01,110.7448
2024-05-01,108.9481
2024-06-01,107.6637
2024-07-01,107.4405
2024-08-01,106.1216
2024-09-01,106.6149
2024-10-01,105.5354
2024-11-01,103.5008
2024-12-01,104.5230
2025-01-01,103.4159
2025-02-01,104.5547
2025-03-01,105.2895
2025-04-01,104.2208
2025-05-01,101.3894
2025-06-01,98.5560
2025-07-01,96.2788
2025-08-01,96.4551
2025-09-01,97.2862
2025-10-01,100.4551
2025-11-01,101.4003
2025-12-01,99.9723
2026-01-01,99.3035
2026-02-01,100.9546
2026-03-01,99.2350
2026-04-01,97.7301
2026-05-01,101.7937
2026-06-01,100.3383
2026-07-01,105.0661
2026-08-01,105.3304
