year,gas_price,dpi_agg_bn,dpi_pc,pop_k,transfers_bn,dpi_ex_transfers_pc,DE_original,DE_per_capita,DE_ex_transfers,real_gdp_growth_pct,unemployment_pct,federal_debt_tn,fed_assets_tn
1960,0.311,376.07,2080.0,180760.0,25.75,1938.0394,-0.6596,-0.5469,-0.5108,2.5745,5.5417,,
1961,0.308,393.326,2141.0,183742.0,29.4417,1980.4091,-0.6405,-0.5291,-0.4952,2.5653,6.6917,,
1962,0.306,417.282,2236.0,186590.0,30.4,2073.4337,-0.6162,-0.505,-0.468,6.1296,5.5667,,
1963,0.304,438.222,2315.0,189300.0,32.2167,2144.772,-0.5943,-0.4841,-0.4461,4.3573,5.6417,,
1964,0.304,476.124,2481.0,191927.0,33.5,2306.2102,-0.5592,-0.4471,-0.4044,5.7628,5.1583,,
1965,0.312,512.995,2640.0,194347.0,36.175,2453.4467,-0.5372,-0.4268,-0.3826,6.4985,4.5083,,
1966,0.321,553.961,2818.0,196599.0,39.6333,2616.1255,-0.5143,-0.4053,-0.3601,6.5953,3.7917,0.3293,
1967,0.332,592.762,2982.0,198752.0,48.025,2740.7875,-0.4975,-0.3915,-0.3519,2.7427,3.8417,0.3447,
1968,0.337,643.928,3208.0,200745.0,56.1083,2928.1908,-0.4622,-0.3551,-0.3178,4.9145,3.5583,0.358,
1969,0.348,695.83,3432.0,202736.0,62.3,3124.9013,-0.4372,-0.3319,-0.295,3.1225,3.4917,0.3682,
1970,0.357,761.975,3715.0,205089.0,74.65,3351.3499,-0.3992,-0.2951,-0.263,0.1846,4.9833,0.3892,
1971,0.364,831.08,4002.0,207692.0,88.1083,3577.2763,-0.3573,-0.2552,-0.2284,3.2927,5.95,0.4241,
1972,0.361,900.816,4291.0,209924.0,97.9167,3824.7143,-0.2976,-0.1948,-0.1682,5.2555,5.6,0.4485,
1973,0.388,1008.373,4758.0,211939.0,112.575,4226.6784,-0.2685,-0.1693,-0.1447,5.6457,4.8583,0.4691,
1974,0.532,1100.771,5146.0,213898.0,133.2833,4523.1263,-0.4176,-0.3447,-0.3325,-0.5405,5.6417,0.4927,
1975,0.567,1221.782,5657.0,215981.0,169.975,4869.9052,-0.3935,-0.3241,-0.3257,-0.2056,8.475,0.5766,
1976,0.614,1329.976,6098.0,218086.0,184.3417,5253.131,-0.3903,-0.3272,-0.3283,5.388,7.7,0.6535,
1977,0.656,1461.357,6634.0,220289.0,194.5667,5750.5837,-0.373,-0.3149,-0.3118,4.6242,7.05,0.7189,
1978,0.67,1634.072,7340.0,222629.0,209.8833,6397.139,-0.3135,-0.2579,-0.2504,5.5352,6.0667,0.7892,
1979,0.903,1813.796,8058.0,225106.0,235.5667,7011.0496,-0.4346,-0.3955,-0.3904,3.166,5.85,0.8451,
1980,1.245,2024.946,8892.0,227726.0,280.125,7661.9314,-0.5422,-0.5162,-0.5168,-0.2568,7.175,0.9302,
1981,1.378,2257.42,9815.0,230008.0,318.9917,8427.6561,-0.5389,-0.5175,-0.5198,2.5377,7.6167,1.0287,
1982,1.296,2434.718,10485.0,232218.0,355.475,8953.8408,-0.4712,-0.4519,-0.4576,-1.803,9.7083,1.1971,
1983,1.241,2628.837,11218.0,234333.0,384.2833,9578.4788,-0.4037,-0.3876,-0.394,4.5838,9.6,1.4107,
1984,1.212,2910.758,12313.0,236394.0,400.6333,10618.3941,-0.324,-0.3118,-0.3122,7.2365,7.5083,1.663,
1985,1.202,3105.08,13019.0,238506.0,425.3667,11235.4127,-0.2729,-0.2663,-0.2661,4.1696,7.1917,1.9459,
1986,0.927,3293.387,13684.0,240683.0,451.5583,11807.351,0.0,0.0,0.0,3.4627,7.0,2.2148,
1987,0.948,3457.219,14236.0,242843.0,468.15,12308.648,0.0265,0.0173,0.0194,3.4546,6.175,2.4317,
1988,0.946,3774.082,15401.0,245061.0,497.4667,13370.6111,0.1229,0.1029,0.1097,4.177,5.4917,2.6844,
1989,1.022,4053.277,16384.0,247387.0,544.2417,14184.3966,0.1163,0.086,0.0897,3.6722,5.2583,2.953,
1990,1.164,4318.635,17262.0,250181.0,596.8583,14876.3362,0.0443,0.0046,0.0034,1.886,5.6167,3.3648,
1991,1.14,4501.012,17753.0,253530.0,668.1417,15118.015,0.1113,0.055,0.0412,-0.1083,6.85,3.8017,
1992,1.127,4804.692,18701.0,256922.0,748.0417,15789.4238,0.2,0.1241,0.0999,3.5225,7.4917,4.177,
1993,1.108,5004.111,19226.0,260282.0,793.0,16179.0327,0.2712,0.1755,0.1464,2.7518,6.9083,4.5357,
1994,1.112,5247.849,19919.0,263455.0,828.9667,16772.8164,0.3284,0.2135,0.1842,4.029,6.1,4.8002,
1995,1.147,5534.953,20762.0,266588.0,883.45,17448.2835,0.3583,0.2262,0.1943,2.6844,5.5917,4.9887,
1996,1.231,5829.114,21612.0,269714.0,929.2167,18167.0115,0.3329,0.1893,0.1587,3.7728,5.4083,5.3232,
1997,1.234,6142.153,22502.0,272958.0,954.8583,19004.0031,0.401,0.2353,0.2091,4.4471,4.9417,5.5024,
1998,1.059,6555.937,23740.0,276154.0,983.9167,20177.2212,0.7425,0.5186,0.4959,4.4831,4.5,5.6142,
1999,1.165,6866.685,24583.0,279328.0,1026.175,20909.1462,0.659,0.4295,0.4091,4.7884,4.2167,5.7761,
2000,1.51,7384.97,26151.0,282398.0,1087.3167,22300.6301,0.3766,0.1732,0.1595,4.0776,3.9667,5.6622,
2001,1.461,7754.096,27186.0,285225.0,1192.5917,23004.6606,0.4939,0.2606,0.2362,0.9555,4.7417,5.9434,
2002,1.358,8097.871,28122.0,287955.0,1285.2083,23658.7754,0.6784,0.4029,0.3678,1.7004,5.7833,6.4057,0.7258
2003,1.591,8478.217,29172.0,290626.0,1347.2583,24536.5475,0.4999,0.2421,0.2108,2.7956,5.9917,6.998,0.7389
2004,1.88,8967.128,30577.0,293262.0,1421.25,25730.8414,0.3426,0.1018,0.0745,3.8478,5.5417,7.5961,0.775
2005,2.295,9333.646,31533.0,295993.0,1516.725,26409.1414,0.1447,-0.0692,-0.0966,3.4836,5.0833,8.1704,0.8141
2006,2.589,9945.033,33281.0,298818.0,1613.8333,27880.5148,0.0812,-0.1292,-0.1545,2.7845,4.6083,8.6802,0.8452
2007,2.801,10439.63,34603.0,301696.0,1728.1167,28875.137,0.0491,-0.1631,-0.1906,2.0039,4.6167,9.2292,0.8726
2008,3.266,10918.179,35851.0,304543.0,1955.1167,29431.1882,-0.059,-0.2564,-0.2925,0.1136,5.8,10.6998,1.2014
2009,2.35,10913.304,35520.0,307240.0,2146.7417,28533.2715,0.3071,0.0239,-0.0467,-2.5765,9.2833,12.3113,2.0837
2010,2.788,11319.008,36532.0,309839.0,2325.15,29027.5207,0.1428,-0.1123,-0.1826,2.6952,9.6083,14.0252,2.3173
2011,3.527,11855.88,37964.0,312295.0,2358.6917,30410.9523,-0.0538,-0.2708,-0.3231,1.5644,8.9333,15.2229,2.7479
2012,3.644,12408.28,39426.0,314725.0,2363.0167,31917.5894,-0.0415,-0.2671,-0.3123,2.2891,8.075,16.4327,2.8677
2013,3.526,12391.235,39077.0,317099.0,2424.35,31431.4615,-0.0108,-0.2492,-0.3001,2.1178,7.3583,17.1561,3.4793
2014,3.367,12998.394,40671.0,319601.0,2541.5583,32718.4072,0.0866,-0.1817,-0.2371,2.5238,6.1583,18.1414,4.3377
2015,2.448,13532.854,42013.0,322113.0,2685.4167,33675.8757,0.556,0.1626,0.08,2.9455,5.275,18.9222,4.488
2016,2.142,13928.899,42910.0,324609.0,2777.0333,34354.7642,0.8304,0.3571,0.2592,1.8195,4.875,19.9768,4.4721
2017,2.408,14613.927,44710.0,326860.0,2855.6917,35973.3076,0.7082,0.2578,0.1729,2.4576,4.3583,20.4927,4.4622
2018,2.735,15454.039,47002.0,328794.0,2976.275,37950.0964,0.5905,0.1642,0.0894,2.9665,3.8917,21.9741,4.2843
2019,2.636,16164.498,48907.0,330513.0,3147.1,39385.4342,0.7261,0.2569,0.1731,2.5838,3.675,23.2014,3.931
2020,2.174,17383.429,52385.0,331840.0,4235.1917,39622.2195,1.2507,0.6324,0.4309,-2.0814,8.1,27.7478,6.3326
2021,3.051,18805.966,56559.0,332503.0,4660.4333,42542.5715,0.735,0.2558,0.0947,6.2683,5.35,29.6172,8.0911
2022,4.094,18915.224,56573.0,334350.0,4141.9,44185.2071,0.3005,-0.0639,-0.1527,2.4296,3.65,31.4197,8.8322
2023,3.658,20808.426,61730.0,337087.0,4251.2917,49118.282,0.6012,0.1432,0.0542,2.9186,3.625,34.0015,8.2407
2024,3.449,22045.472,64821.0,340095.0,4546.4,51453.4821,0.7991,0.2732,0.1712,2.9517,4.025,36.2186,7.2642
2025,3.257,22985.999,67221.0,341944.0,4914.0,52850.7563,0.9865,0.3982,0.274,2.3442,4.2636,38.514,6.6745
